source_file,client,client_count,data_size,is_cluster,num_of_tasks,get_existing_average_latency,get_existing_p50_latency,get_existing_p90_latency,get_existing_p99_latency,get_existing_std_dev,get_non_existing_average_latency,get_non_existing_p50_latency,get_non_existing_p90_latency,get_non_existing_p99_latency,get_non_existing_std_dev,set_average_latency,set_p50_latency,set_p90_latency,set_p99_latency,set_std_dev,tps
result1.json,jedis,1,100,False,1,0.867,0.69,0.736,0.874,4.276,0.69,0.682,0.716,0.91,0.033,0.707,0.698,0.743,0.883,0.034,1216.0
result1.json,jedis,1,4000,False,1,0.707,0.698,0.716,0.819,0.116,0.698,0.694,0.71,0.795,0.017,0.729,0.72,0.745,0.926,0.031,1403.0
result1.json,jedis,1,100,False,10,1.007,0.86,1.374,3.736,0.479,1.007,0.917,1.392,3.153,0.36,0.997,0.84,1.314,3.974,0.503,9748.0
result1.json,jedis,1,4000,False,10,0.935,0.74,1.406,2.406,0.404,0.907,0.739,1.386,1.928,0.294,1.014,0.758,1.44,4.352,0.601,10370.0
result1.json,jedis,1,100,False,100,8.117,0.717,25.39,71.446,14.586,9.025,0.725,25.241,76.104,14.612,9.161,0.723,27.065,72.606,15.355,9533.0
result1.json,jedis,1,4000,False,100,8.089,0.704,26.083,73.355,15.102,9.431,0.692,32.963,80.0,16.766,9.817,0.717,39.997,82.926,18.3,7779.0
result1.json,jedis,1,100,False,1000,18.621,0.756,54.811,78.405,22.854,20.34,0.903,59.066,82.35,24.431,19.997,3.752,54.382,82.049,22.587,10359.0
result1.json,jedis,1,4000,False,1000,40.003,46.414,77.319,93.662,28.235,35.344,43.438,79.083,93.709,30.003,33.809,40.165,69.95,92.098,28.692,10410.0
result1.json,glide_jedis_compat,1,100,False,1,0.69,0.687,0.704,0.752,0.017,0.703,0.682,0.697,1.563,0.227,0.7,0.694,0.711,0.877,0.027,1437.0
result1.json,glide_jedis_compat,1,4000,False,1,0.672,0.663,0.678,0.743,0.132,0.66,0.658,0.667,0.75,0.015,0.686,0.681,0.699,0.861,0.022,1482.0
result1.json,glide_jedis_compat,1,100,False,10,0.851,0.698,1.127,3.691,0.541,0.958,0.697,2.047,4.001,0.641,0.994,0.706,1.65,3.999,0.629,11019.0
result1.json,glide_jedis_compat,1,4000,False,10,0.794,0.689,0.871,3.727,0.419,0.784,0.688,0.972,3.001,0.372,1.312,1.169,2.046,3.72,0.558,11091.0
result1.json,glide_jedis_compat,1,100,False,100,7.085,0.707,25.381,79.508,15.437,7.515,0.703,28.073,80.561,15.439,12.002,0.716,42.976,82.251,19.723,10927.0
result1.json,glide_jedis_compat,1,4000,False,100,5.458,0.7,17.131,68.753,12.794,7.824,0.701,25.023,63.14,13.089,19.411,16.772,41.4,73.705,16.916,10919.0
result1.json,glide_jedis_compat,1,100,False,1000,22.6,4.062,65.114,86.416,25.997,25.649,25.804,66.733,84.705,25.678,25.805,26.16,68.384,89.178,26.904,9591.0
result1.json,glide_jedis_compat,1,4000,False,1000,37.814,42.844,68.601,93.446,26.462,40.404,45.037,77.656,94.357,27.867,44.465,51.104,71.996,94.218,23.857,10304.0
result1.json,glide,1,100,False,1,0.802,0.787,0.853,0.986,0.072,0.781,0.773,0.817,0.971,0.037,0.997,0.795,0.854,1.088,2.702,1191.0
result1.json,glide,1,4000,False,1,0.767,0.762,0.783,0.89,0.024,0.754,0.749,0.763,0.88,0.019,0.781,0.776,0.797,0.895,0.021,1300.0
result1.json,glide,1,100,False,10,0.821,0.785,0.975,1.06,0.088,0.807,0.773,0.993,1.035,0.089,0.823,0.776,1.005,1.143,0.1,12029.0
result1.json,glide,1,4000,False,10,0.874,0.836,1.039,1.076,0.1,0.869,0.836,1.028,1.156,0.103,0.898,0.902,1.033,1.068,0.099,11331.0
result1.json,glide,1,100,False,100,1.097,1.174,1.245,1.34,0.153,1.093,1.177,1.232,1.334,0.152,1.109,1.186,1.236,1.344,0.144,58216.0
result1.json,glide,1,4000,False,100,1.318,1.335,1.443,1.605,0.118,1.307,1.319,1.455,1.591,0.124,1.297,1.313,1.432,1.608,0.122,70411.0
result1.json,glide,1,100,False,1000,1.183,1.097,1.667,1.787,0.298,1.201,1.093,1.685,2.23,0.313,1.175,1.186,1.658,1.799,0.283,51127.0
result1.json,glide,1,4000,False,1000,2.454,2.628,2.87,3.264,0.46,2.373,2.574,2.807,4.166,0.51,2.445,2.646,2.869,3.437,0.519,59514.0
result1.json,lettuce,1,100,False,1,0.893,0.839,1.01,1.475,0.25,0.867,0.836,0.976,1.342,0.108,0.907,0.858,1.06,1.556,0.15,1119.0
result1.json,lettuce,1,4000,False,1,0.783,0.773,0.819,0.968,0.08,0.768,0.766,0.797,0.868,0.024,0.826,0.816,0.866,1.181,0.052,1265.0
result1.json,lettuce,1,100,False,10,0.849,0.824,0.985,1.109,0.084,0.843,0.813,1.01,1.149,0.09,0.833,0.814,0.924,1.099,0.075,11700.0
result1.json,lettuce,1,4000,False,10,0.858,0.792,0.955,2.634,0.368,0.814,0.78,0.95,1.342,0.109,0.91,0.799,1.004,4.751,0.523,11525.0
result1.json,lettuce,1,100,False,100,2.924,3.046,3.971,4.569,0.8,2.883,3.04,3.898,4.571,0.755,2.8,2.748,3.939,5.032,0.819,28287.0
result1.json,lettuce,1,4000,False,100,3.819,3.315,4.951,7.812,1.514,3.743,3.168,4.911,9.146,1.517,3.988,3.386,7.713,8.038,1.65,24823.0
result1.json,lettuce,1,100,False,1000,5.592,4.845,10.219,10.326,2.791,5.117,4.726,10.186,10.653,2.621,5.479,4.825,10.2,10.307,2.689,25191.0
result1.json,lettuce,1,4000,False,1000,9.455,10.542,11.696,11.747,2.633,9.174,10.52,11.7,11.746,2.678,9.2,10.484,11.698,11.745,2.611,32230.0
result2.json,jedis,1,100,False,1,0.881,0.706,0.757,0.87,4.222,0.708,0.698,0.744,0.839,0.028,0.724,0.708,0.761,0.942,0.042,1194.0
result2.json,jedis,1,4000,False,1,0.699,0.695,0.713,0.829,0.023,0.692,0.69,0.706,0.75,0.011,0.736,0.718,0.737,0.915,0.206,1409.0
result2.json,jedis,1,100,False,10,0.937,0.728,1.385,3.345,0.471,0.91,0.745,1.322,3.477,0.387,0.978,0.74,1.417,4.836,0.538,10425.0
result2.json,jedis,1,4000,False,10,0.927,0.719,1.431,3.643,0.455,0.92,0.71,1.424,3.863,0.488,0.926,0.734,1.415,2.938,0.411,10595.0
result2.json,jedis,1,100,False,100,8.946,0.708,32.966,72.815,16.093,9.023,0.707,33.078,67.517,14.412,6.284,0.711,22.791,65.208,12.148,9604.0
result2.json,jedis,1,4000,False,100,8.933,0.714,32.751,85.326,18.572,7.95,0.706,29.4,80.541,15.486,8.231,0.734,33.544,66.328,15.991,7815.0
result2.json,jedis,1,100,False,1000,19.754,0.761,59.351,81.606,24.415,19.697,0.722,59.189,85.967,24.615,21.47,0.763,62.509,87.974,26.29,10107.0
result2.json,jedis,1,4000,False,1000,41.307,49.703,84.478,97.266,31.43,40.183,46.098,82.491,98.835,31.835,37.007,45.352,78.815,97.636,30.967,9844.0
result2.json,glide_jedis_compat,1,100,False,1,0.674,0.671,0.688,0.803,0.021,0.692,0.666,0.686,2.255,0.238,0.677,0.675,0.686,0.727,0.015,1472.0
result2.json,glide_jedis_compat,1,4000,False,1,0.67,0.659,0.677,0.866,0.118,0.66,0.655,0.665,0.874,0.029,0.684,0.679,0.695,0.874,0.023,1486.0
result2.json,glide_jedis_compat,1,100,False,10,0.849,0.68,1.201,3.409,0.566,0.96,0.679,1.497,5.43,0.81,0.906,0.684,1.371,4.704,0.661,11240.0
result2.json,glide_jedis_compat,1,4000,False,10,0.788,0.69,0.892,3.275,0.38,0.795,0.686,0.755,3.744,0.458,1.371,1.239,2.115,3.815,0.596,11084.0
result2.json,glide_jedis_compat,1,100,False,100,7.166,0.686,24.416,79.862,17.548,8.605,0.682,40.472,82.011,18.68,9.987,0.694,40.059,82.354,19.271,11174.0
result2.json,glide_jedis_compat,1,4000,False,100,4.944,0.683,16.337,65.324,12.526,7.626,0.679,31.882,81.308,15.357,21.059,16.512,42.179,79.573,17.13,11218.0
result2.json,glide_jedis_compat,1,100,False,1000,22.67,0.737,67.726,90.708,27.568,27.152,23.667,71.381,88.919,28.484,25.614,23.659,66.57,83.014,26.761,9581.0
result2.json,glide_jedis_compat,1,4000,False,1000,35.752,42.334,69.205,88.202,26.833,40.324,46.783,78.12,89.381,28.681,40.432,45.875,66.712,89.144,22.876,10909.0
result2.json,glide,1,100,False,1,0.84,0.767,0.827,0.955,1.539,0.763,0.75,0.808,0.962,0.046,0.776,0.762,0.822,0.983,0.057,1224.0
result2.json,glide,1,4000,False,1,0.74,0.736,0.757,0.794,0.02,0.728,0.724,0.739,0.811,0.018,0.757,0.752,0.771,0.927,0.024,1345.0
result2.json,glide,1,100,False,10,0.799,0.796,0.831,0.892,0.031,0.785,0.78,0.819,0.886,0.029,0.791,0.79,0.821,0.881,0.024,12399.0
result2.json,glide,1,4000,False,10,0.87,0.85,1.022,1.094,0.088,0.849,0.824,0.996,1.055,0.079,0.874,0.852,1.02,1.098,0.086,11437.0
result2.json,glide,1,100,False,100,1.164,1.198,1.32,1.391,0.146,1.14,1.161,1.307,1.387,0.159,1.156,1.195,1.31,1.375,0.146,55775.0
result2.json,glide,1,4000,False,100,1.301,1.279,1.444,1.799,0.13,1.283,1.27,1.379,1.839,0.12,1.279,1.258,1.433,1.808,0.126,69740.0
result2.json,glide,1,100,False,1000,1.298,1.287,1.811,1.913,0.349,1.292,1.284,1.803,3.123,0.407,1.295,1.287,1.798,1.971,0.386,44434.0
result2.json,glide,1,4000,False,1000,2.392,2.498,2.729,3.085,0.332,2.372,2.476,2.708,3.538,0.339,2.413,2.51,2.731,3.8,0.355,49512.0
result2.json,lettuce,1,100,False,1,0.889,0.841,1.017,1.351,0.202,0.851,0.807,0.98,1.269,0.098,0.932,0.86,1.102,1.571,0.318,1120.0
result2.json,lettuce,1,4000,False,1,0.799,0.787,0.843,0.967,0.062,0.781,0.775,0.8,1.011,0.036,0.846,0.832,0.89,1.119,0.052,1240.0
result2.json,lettuce,1,100,False,10,0.851,0.824,0.984,1.174,0.09,0.826,0.804,0.955,1.164,0.084,0.831,0.807,0.949,1.147,0.081,11723.0
result2.json,lettuce,1,4000,False,10,0.835,0.814,0.914,1.24,0.08,0.821,0.803,0.907,1.052,0.07,0.845,0.837,0.919,1.149,0.075,11894.0
result2.json,lettuce,1,100,False,100,3.459,3.002,6.612,9.052,1.877,3.565,3.005,7.489,9.055,2.037,3.36,3.001,4.496,9.048,1.721,23789.0
result2.json,lettuce,1,4000,False,100,3.54,3.184,5.062,6.009,1.046,3.375,3.149,4.607,6.012,0.952,3.564,3.159,5.873,6.027,1.16,27346.0
result2.json,lettuce,1,100,False,1000,3.397,3.494,5.567,5.702,1.354,3.669,3.553,5.609,5.749,1.352,3.586,3.592,5.633,5.708,1.334,31097.0
result2.json,lettuce,1,4000,False,1000,8.307,8.947,11.104,11.199,2.656,8.084,8.842,11.111,11.86,2.569,8.41,9.029,11.116,11.564,2.61,33368.0
result3.json,jedis,1,100,False,1,0.705,0.697,0.744,0.841,0.034,1.403,0.689,0.741,48.93,8.78,0.714,0.705,0.743,0.926,0.043,1204.0
result3.json,jedis,1,4000,False,1,0.69,0.68,0.702,0.775,0.115,0.682,0.675,0.696,0.878,0.026,0.71,0.704,0.729,0.83,0.022,1437.0
result3.json,jedis,1,100,False,10,0.923,0.73,1.329,2.564,0.415,1.027,0.759,1.446,4.527,0.627,0.932,0.725,1.391,3.867,0.539,10407.0
result3.json,jedis,1,4000,False,10,0.917,0.714,1.382,3.926,0.502,0.963,0.71,1.474,3.801,0.535,0.903,0.729,1.395,2.2,0.343,10666.0
result3.json,jedis,1,100,False,100,8.488,0.714,33.314,73.057,15.826,9.989,0.71,33.209,86.724,16.719,7.419,0.709,28.928,74.48,16.115,9584.0
result3.json,jedis,1,4000,False,100,8.644,0.711,33.169,83.323,16.837,8.496,0.702,33.156,76.91,16.755,9.457,0.725,33.305,83.509,17.538,7784.0
result3.json,jedis,1,100,False,1000,21.071,0.97,58.5,80.209,24.404,17.132,0.73,47.658,78.354,21.338,19.825,0.844,59.799,83.97,25.288,9951.0
result3.json,jedis,1,4000,False,1000,37.049,43.918,76.993,93.477,28.945,36.892,43.283,76.808,92.332,29.348,39.32,44.113,77.121,92.048,28.643,10393.0
result3.json,glide_jedis_compat,1,100,False,1,0.693,0.685,0.704,0.761,0.117,0.686,0.68,0.698,0.868,0.025,0.696,0.689,0.713,0.888,0.027,1440.0
result3.json,glide_jedis_compat,1,4000,False,1,0.688,0.685,0.699,0.717,0.016,0.686,0.681,0.694,0.865,0.021,0.724,0.705,0.722,1.065,0.214,1436.0
result3.json,glide_jedis_compat,1,100,False,10,0.848,0.694,0.889,3.859,0.625,0.853,0.688,1.263,3.606,0.543,1.095,0.7,2.15,5.007,0.908,11039.0
result3.json,glide_jedis_compat,1,4000,False,10,0.771,0.691,0.761,3.367,0.359,0.859,0.687,1.172,4.011,0.561,1.386,1.147,2.313,4.34,0.722,11068.0
result3.json,glide_jedis_compat,1,100,False,100,6.953,0.692,24.195,79.646,17.25,8.017,0.69,30.805,80.74,17.843,12.001,0.701,40.52,77.323,19.443,11112.0
result3.json,glide_jedis_compat,1,4000,False,100,5.679,0.686,17.369,78.754,14.096,5.019,0.682,16.546,53.405,10.23,20.134,16.553,40.377,72.015,16.339,11154.0
result3.json,glide_jedis_compat,1,100,False,1000,22.132,0.833,65.635,82.976,26.277,23.458,0.839,64.382,90.241,27.102,25.561,23.664,66.601,89.995,27.359,9789.0
result3.json,glide_jedis_compat,1,4000,False,1000,36.991,42.277,71.923,90.393,26.686,38.734,44.378,74.333,91.069,27.033,41.694,49.561,63.866,84.731,23.434,10749.0
result3.json,glide,1,100,False,1,0.834,0.765,0.821,0.948,1.459,0.764,0.75,0.81,0.94,0.039,0.786,0.774,0.818,1.245,0.068,1226.0
result3.json,glide,1,4000,False,1,0.743,0.74,0.759,0.804,0.021,0.73,0.727,0.742,0.835,0.017,0.758,0.755,0.776,0.809,0.018,1341.0
result3.json,glide,1,100,False,10,0.854,0.817,1.015,1.058,0.09,0.828,0.787,0.963,1.047,0.084,0.85,0.822,1.003,1.052,0.09,11609.0
result3.json,glide,1,4000,False,10,0.762,0.753,0.805,0.893,0.034,0.745,0.739,0.774,0.853,0.024,0.762,0.758,0.786,0.86,0.022,13052.0
result3.json,glide,1,100,False,100,1.146,1.185,1.308,1.625,0.214,1.124,1.15,1.552,1.635,0.228,1.13,1.174,1.293,1.626,0.206,56016.0
result3.json,glide,1,4000,False,100,1.307,1.285,1.474,1.859,0.167,1.303,1.284,1.38,1.827,0.139,1.288,1.277,1.367,1.925,0.163,70955.0
result3.json,glide,1,100,False,1000,1.164,1.091,1.572,1.778,0.272,1.174,1.095,1.574,1.88,0.27,1.153,1.069,1.563,2.014,0.287,50864.0
result3.json,glide,1,4000,False,1000,2.248,2.269,2.684,3.086,0.356,2.25,2.258,2.686,3.22,0.35,2.232,2.256,2.695,2.77,0.353,62536.0
result3.json,lettuce,1,100,False,1,0.884,0.824,1.037,1.372,0.192,0.868,0.801,1.074,1.52,0.143,0.913,0.856,1.017,2.343,0.343,1125.0
result3.json,lettuce,1,4000,False,1,0.796,0.781,0.83,0.986,0.159,0.774,0.767,0.807,0.971,0.035,0.836,0.822,0.88,1.138,0.054,1245.0
result3.json,lettuce,1,100,False,10,0.898,0.871,0.976,1.204,0.233,0.921,0.861,0.977,3.567,0.364,0.927,0.874,0.973,3.958,0.374,10880.0
result3.json,lettuce,1,4000,False,10,0.802,0.779,0.872,1.415,0.102,0.784,0.764,0.844,1.311,0.08,0.809,0.784,0.883,1.227,0.088,12380.0
result3.json,lettuce,1,100,False,100,2.632,2.8,3.301,3.794,0.637,2.653,2.826,3.386,3.787,0.67,2.611,2.814,3.395,3.789,0.688,30746.0
result3.json,lettuce,1,4000,False,100,3.651,3.341,7.443,9.132,1.603,3.446,3.323,3.994,8.146,1.299,3.695,3.348,7.46,9.085,1.605,26570.0
result3.json,lettuce,1,100,False,1000,9.942,10.537,17.443,20.004,4.706,10.029,10.547,15.994,20.182,4.665,9.73,10.508,12.77,19.999,4.316,19588.0
result3.json,lettuce,1,4000,False,1000,10.312,8.988,13.652,14.587,2.772,10.312,9.002,13.65,13.715,2.776,10.601,9.032,13.677,16.02,2.767,32068.0
